filename,width,height,class,xmin,ymin,xmax,ymax
trafficlight157_png_jpg.rf.05b43b243047a4df4d161e802500b963.jpg,640,640,traffic lights,128,329,249,392
bike_098_bmp_jpg.rf.085ac0dda564c6de4f0ece86e5bb9d23.jpg,640,640,bicycle,6,4,586,640
traffic-light-855-_jpg.rf.0890737298c429bfd268d64d0ee1d11c.jpg,640,640,traffic lights,120,374,178,491
traffic-light-855-_jpg.rf.0890737298c429bfd268d64d0ee1d11c.jpg,640,640,traffic lights,600,131,639,260
standing_8_11_23-65-_jpg.rf.0a1111f6d5e31231c5316fbfa6ee3f9b.jpg,640,640,person,242,50,369,516
fourth_trail-bag82_png_jpg.rf.0ec3f3844f10db123c7fd95c2689afb0.jpg,640,640,tree,507,0,576,525
fourth_trail-bag82_png_jpg.rf.0ec3f3844f10db123c7fd95c2689afb0.jpg,640,640,tree,254,0,354,575
jeroen-den-otter-N_YtZaG6lhA-unsplash-min_jpg.rf.1358b193b041954c33c9825a9624d708.jpg,640,640,tree,141,122,564,639
4_jpeg_jpg.rf.07b8d139e0beafdb9c7f247a94e0afbb.jpg,640,640,object,0,0,299,90
Tlight-529-_png_jpg.rf.0aa2b0e47896596c52188d29ae67f168.jpg,640,640,traffic lights,35,278,158,521
traffic-light-251-_jpg.rf.04389fa48cfc75dde88702be7aa2eedb.jpg,640,640,traffic lights,274,285,370,473
-1719DE15-BCDC-404A-8470-386AAD8717B4-png_jpg.rf.03b1efd886141c5ee6262aaf562dab99.jpg,640,640,car,119,223,452,596
126_jpg.rf.0d2ce590fdec98744bbbd28a580331bc.jpg,640,640,tree,175,312,462,633
WhatsApp-Video-2022-11-29-at-20_15_43_mp4-2_jpg.rf.00f3cc27ae98fe59130d2e05c5fdaa75.jpg,640,640,car,298,174,378,323
462_jpg.rf.11500f53f4b7693c4c5ee8f943cbfb09.jpg,640,640,tree,78,172,592,540
WIN_20230111_13_19_01_Pro_mp4-9_jpg.rf.06b551478cf33636646208403304e7c4.jpg,640,640,tree,87,329,562,411
Tlight-645-_png_jpg.rf.0db2e330bc0fa836baa4de31444334cc.jpg,640,640,traffic lights,369,87,491,312
traffic-light-905-_jpg.rf.0c85385d568f072fe223680c4abbed47.jpg,640,640,traffic lights,197,55,420,548
tflight_001206_jpg.rf.111dbdae44d4ed3e68a4e5fd81535803.jpg,640,640,traffic lights,42,32,599,609
969_jpg.rf.0343ebeb9fcaa1c6fc5c2bfc9e6fcb7c.jpg,640,640,tree,62,100,576,564
traffic-light-261-_jpg.rf.06d30689e16cdb63ed5b673c7e8a1d04.jpg,640,640,traffic lights,223,249,386,528
-BBC6D213-1075-48CE-B772-FDD44F34A3E7-png_jpg.rf.096cd06afb449837709dfc2d6653eb08.jpg,640,640,car,43,75,560,539
Mitsubishi-Fuso_mp36_pic_105514_jpg.rf.00cb04ddf3f8e8ff8ad04a7a261f3a3c.jpg,640,640,truck,54,96,594,446
traffic-light-841-_jpg.rf.0d5fc2e8707c1b04dd0adee27e29484a.jpg,640,640,traffic lights,194,343,229,423
traffic-light-841-_jpg.rf.0d5fc2e8707c1b04dd0adee27e29484a.jpg,640,640,traffic lights,496,108,530,184
standing_8_11_23-12-_jpg.rf.145b9fe16dc381ccc7f4112297bb42ea.jpg,640,640,person,192,89,395,607
traffic-light-403-_jpg.rf.17f08f10fb00899690d231071be9c3ef.jpg,640,640,traffic lights,315,569,343,637
traffic-light-403-_jpg.rf.17f08f10fb00899690d231071be9c3ef.jpg,640,640,traffic lights,568,411,601,473
traffic-light-15-_jpg.rf.09a0b84c68a65d630f27008d0a033e88.jpg,640,640,traffic lights,249,162,414,481
1024_jpg.rf.1cf2574b041e23e2d7e8c57af6d0d0c0.jpg,640,640,tree,45,8,522,445
541_jpg.rf.1d622f3ae400d8e4ddb34aaaa055a73e.jpg,640,640,object,0,0,265,131
1021_jpg.rf.1b5731166dc42ef3ecffe48ad780337d.jpg,640,640,tree,74,183,601,509
Mitsubishi-Fuso_mp36_pic_105517_jpg.rf.031f801be0d40a7f9b393f62dd2de0fc.jpg,640,640,truck,135,52,590,547
802_jpg.rf.1c5c2c363ce989d435b37975fa4929d6.jpg,640,640,tree,141,15,467,525
173_jpg.rf.1574a351583b0e3529830c4eeda1f484.jpg,640,640,tree,11,176,582,485
Modifikasi-cutting-sticker-truck-can_jpg.rf.1589df81a715f8c2026dba186edcd490.jpg,640,640,truck,71,60,582,597
bike_003_bmp_jpg.rf.03ab0921e9663584ac2c86cdcd55e420.jpg,640,640,bicycle,12,111,154,382
-24FFED69-CE70-43C8-8E00-90684987BD32-png_jpg.rf.1e1d2fd659bf1204e5ce8bec24e6f67b.jpg,640,640,car,109,109,548,505
trafficlight182_png_jpg.rf.1e30d4764c8ad8852ec4db9a707dcbea.jpg,640,640,traffic lights,498,350,570,403
trafficlight182_png_jpg.rf.1e30d4764c8ad8852ec4db9a707dcbea.jpg,640,640,traffic lights,90,405,124,437
trafficlight182_png_jpg.rf.1e30d4764c8ad8852ec4db9a707dcbea.jpg,640,640,traffic lights,363,449,390,486
989_jpg.rf.1ea500ccfe590a2fa474ab05541a9d6d.jpg,640,640,tree,167,82,489,593
75_jpg.rf.1e058d7f35eea078b96f471075841b55.jpg,640,640,tree,102,115,571,509
Tlight-713-_png_jpg.rf.2389c3b4a9bd87fc3d868f1028eeecf1.jpg,640,640,traffic lights,126,163,262,556
Tlight-713-_png_jpg.rf.2389c3b4a9bd87fc3d868f1028eeecf1.jpg,640,640,traffic lights,266,188,387,513
second_trail-bag33_png_jpg.rf.1fcf5e31ea8440edcefe2f5b9f5c290c.jpg,640,640,tree,28,2,94,510
second_trail-bag33_png_jpg.rf.1fcf5e31ea8440edcefe2f5b9f5c290c.jpg,640,640,tree,333,122,373,473
second_trail-bag19_png_jpg.rf.2075080fec32a07cf45ff3140e11a2eb.jpg,640,640,tree,41,4,97,520
second_trail-bag19_png_jpg.rf.2075080fec32a07cf45ff3140e11a2eb.jpg,640,640,tree,325,155,367,481
Image_013371_jpg.rf.25b042b54803cd78f74ec10c53ea1193.jpg,640,640,truck,98,140,524,527
981_jpg.rf.20e4c6a1bffd85a876d16490e2ec2736.jpg,640,640,tree,173,19,515,547
youtube-40_jpg.rf.271cfbb271705d96632e774a68aba44d.jpg,640,640,car,261,310,355,349
Image_013556_jpg.rf.26182122b08b8cbc61420348f362afe8.jpg,640,640,truck,113,0,583,519
Tlight-740-_png_jpg.rf.24af1de07dc54e53eb18c067b354a9c8.jpg,640,640,traffic lights,182,161,312,401
Tlight-740-_png_jpg.rf.24af1de07dc54e53eb18c067b354a9c8.jpg,640,640,traffic lights,412,220,523,413
4_jpeg_jpg.rf.2866a85b8613db281e257ca3addfa055.jpg,640,640,object,0,0,299,2
-3372F3CB-7432-4FE7-B9BB-DFB5D1FC3CD4-png_jpg.rf.2a2e29c453b1b398539e9855e868438e.jpg,640,640,car,25,165,640,576
-2526BBBE-6B96-49DC-94B9-880E133FA549-png_jpg.rf.290422e8c68857c1eee2ff71e07cad7f.jpg,640,640,car,186,175,618,526
220_jpg.rf.290c57bdc770646127246dff94542f64.jpg,640,640,object,0,0,364,11
490_jpg.rf.27b3cead6ab681e161c0dccb8ea5388d.jpg,640,640,tree,92,56,552,604
-4DFF09F8-2283-495F-9C84-6A25870884F8-png_jpg.rf.2976450cd2c080b71f8ba0b857133520.jpg,640,640,car,189,308,510,586
-4DFF09F8-2283-495F-9C84-6A25870884F8-png_jpg.rf.2976450cd2c080b71f8ba0b857133520.jpg,640,640,car,499,62,604,162
-4DFF09F8-2283-495F-9C84-6A25870884F8-png_jpg.rf.2976450cd2c080b71f8ba0b857133520.jpg,640,640,car,156,198,193,241
-2CC30CC7-5872-41C8-80F9-549219177A84-png_jpg.rf.2af471b798425654e68bacb0ab461239.jpg,640,640,car,85,20,583,572
-24FFED69-CE70-43C8-8E00-90684987BD32-png_jpg.rf.2b8237d8ba2fc217138ed828a2c898c2.jpg,640,640,car,109,109,548,505
bike_093_bmp_jpg.rf.2a42dab9fbc813c32b2be329ad6485fc.jpg,640,640,bicycle,219,0,470,275
Tlight-90-_png_jpg.rf.2afe189aabd1b245f9c7bbfb2ae88402.jpg,640,640,traffic lights,286,38,413,319
Tlight-90-_png_jpg.rf.2afe189aabd1b245f9c7bbfb2ae88402.jpg,640,640,traffic lights,509,178,639,431
traffic-light-790-_jpg.rf.2cc24958c7389d941af53726843051e9.jpg,640,640,traffic lights,322,271,382,399
first_trail-bag54_png_jpg.rf.2c57beaec1a0d6898211c7fc5d396232.jpg,640,640,tree,1,0,87,512
trafficlight110_png_jpg.rf.2dc81b73be05955c6e5a41c9c51db010.jpg,640,640,traffic lights,193,319,215,350
trafficlight110_png_jpg.rf.2dc81b73be05955c6e5a41c9c51db010.jpg,640,640,traffic lights,375,317,406,352
trafficlight110_png_jpg.rf.2dc81b73be05955c6e5a41c9c51db010.jpg,640,640,traffic lights,493,318,528,352
first_trail-bag15_png_jpg.rf.2ecbcb11b9eb203bd6c6c951ee345e87.jpg,640,640,tree,446,1,480,466
first_trail-bag15_png_jpg.rf.2ecbcb11b9eb203bd6c6c951ee345e87.jpg,640,640,tree,252,3,314,508
r8_196_3256_2031_w1200_h678_fmax_jpg.rf.2f1b98fc52a0de5e2178c6c5bfce5bef.jpg,640,640,traffic lights,419,248,452,347
r8_196_3256_2031_w1200_h678_fmax_jpg.rf.2f1b98fc52a0de5e2178c6c5bfce5bef.jpg,640,640,traffic lights,175,1,212,92
-192C4A31-07E9-4438-9D0D-63CF545747C8-png_jpg.rf.301323785e86db60b4bcc61a9c7d14a7.jpg,640,640,car,72,48,532,479
-0DEDC30B-FD9A-4A41-ABC0-DBEDE7C1C712-png_jpg.rf.30ac91632782713391530e699dd1c367.jpg,640,640,car,158,12,618,580
374_jpg.rf.32d5e9833c9332119786fc8c7ddb991a.jpg,640,640,tree,33,2,612,578
490_jpg.rf.324362c0ac5d727db3f82110a245be4e.jpg,640,640,tree,48,99,596,559
WhatsApp-Image-2022-12-05-at-18-27-00_jpeg_jpg.rf.333eb89e09f03a1db057066182add962.jpg,640,640,car,196,193,468,528
fourth_trail-bag100_png_jpg.rf.31dff13e3ec4340394f45246f3e9d618.jpg,640,640,tree,539,2,593,504
fourth_trail-bag100_png_jpg.rf.31dff13e3ec4340394f45246f3e9d618.jpg,640,640,tree,320,2,385,547
Tlight-727-_png_jpg.rf.343eb88493290811f89b36b6e0120575.jpg,640,640,traffic lights,141,11,250,252
WhatsApp-Image-2022-12-05-at-18-22-24_jpeg_jpg.rf.35ea4743719277339bd78921b4deaf3e.jpg,640,640,car,212,276,566,446
WhatsApp-Image-2022-12-05-at-18-22-24_jpeg_jpg.rf.35ea4743719277339bd78921b4deaf3e.jpg,640,640,car,97,217,304,330
first_trail-bag26_png_jpg.rf.360b18c90793bf8461a1943d0ef39801.jpg,640,640,tree,338,2,376,468
first_trail-bag26_png_jpg.rf.360b18c90793bf8461a1943d0ef39801.jpg,640,640,tree,57,5,125,508
standing_8_11_23-22-_jpg.rf.349e614935deef3bada75ab1f1f947c8.jpg,640,640,person,149,0,450,595
traffic-light-627-_jpg.rf.36a6fd971bb47a311978bd7bf389a2c5.jpg,640,640,traffic lights,334,149,511,451
Image_013375_jpg.rf.3746ab413878a78eec7b0d952f4d7560.jpg,640,640,truck,0,110,542,640
fourth_trail-bag69_png_jpg.rf.36f456cf4dcd1ec16a286722e8996577.jpg,640,640,tree,330,0,392,545
fourth_trail-bag69_png_jpg.rf.36f456cf4dcd1ec16a286722e8996577.jpg,640,640,tree,572,216,617,513
443_jpg.rf.378f588d35b9039503f41362e45fd2be.jpg,640,640,tree,91,31,586,489
10_jpeg_jpg.rf.391dab9a60979ffbe407c3fcee224c1e.jpg,640,640,tree,47,165,526,493
304_jpg.rf.375d538cc73ac3e28fb0d52d4f8432b0.jpg,640,640,object,0,0,474,17
160_jpg.rf.383358b6d3cd91d4b1038cbbc7f207b9.jpg,640,640,tree,34,98,601,540
images-10-_jpg.rf.3b78e9760923dbd66a335e5a2b60091d.jpg,640,640,traffic lights,155,41,248,287
images-10-_jpg.rf.3b78e9760923dbd66a335e5a2b60091d.jpg,640,640,traffic lights,282,211,316,271
images-10-_jpg.rf.3b78e9760923dbd66a335e5a2b60091d.jpg,640,640,traffic lights,375,216,400,276
images-10-_jpg.rf.3b78e9760923dbd66a335e5a2b60091d.jpg,640,640,traffic lights,555,250,586,347
standing_8_11_23-30-_jpg.rf.3a813e385cbb76085c58bc007daee9f6.jpg,640,640,person,100,0,530,640
Image_013501_jpg.rf.408114d66073f7fce298768a081eed8c.jpg,640,640,truck,0,53,620,602
Image_013501_jpg.rf.408114d66073f7fce298768a081eed8c.jpg,640,640,car,504,330,625,511
standing_8_11_23-60-_jpg.rf.3faed7cccf1e859f9ce56e63be332bfa.jpg,640,640,person,288,206,351,329
765_jpg.rf.3c153ca1b69b7fe308cbd315732b8a85.jpg,640,640,tree,19,70,614,621
standing_8_11_23-7-_jpg.rf.3c4a764facbb9547894f0f619047d24f.jpg,640,640,person,132,36,520,593
1030_jpg.rf.3f93d5d445da70489fdb64df9f037a84.jpg,640,640,tree,93,103,509,479
traffic-light-995-_jpg.rf.42d351c54fbcc5163c771fd0d76cc1aa.jpg,640,640,traffic lights,216,65,291,198
standing_8_11_23-58-_jpg.rf.3dac89bccc5b7f7049aa9734700203de.jpg,640,640,person,209,154,483,446
au_vehicles-8355-2_jpg.rf.4097911ae42ebfa29eb20b6ae6c54b1d.jpg,640,640,truck,1,210,586,536
au_vehicles-8355-2_jpg.rf.4097911ae42ebfa29eb20b6ae6c54b1d.jpg,640,640,car,0,298,49,398
traffic-light-500-_jpg.rf.3dd0b734cac886a696fd578ff77a4f62.jpg,640,640,traffic lights,268,173,310,199
trafficlight122_png_jpg.rf.3d41ab074735f2ca77fd77c2b4a38838.jpg,640,640,traffic lights,77,373,102,395
trafficlight122_png_jpg.rf.3d41ab074735f2ca77fd77c2b4a38838.jpg,640,640,traffic lights,165,372,180,390
trafficlight122_png_jpg.rf.3d41ab074735f2ca77fd77c2b4a38838.jpg,640,640,traffic lights,269,379,280,394
trafficlight122_png_jpg.rf.3d41ab074735f2ca77fd77c2b4a38838.jpg,640,640,traffic lights,338,381,351,395
Tlight-734-_png_jpg.rf.414a185e33e2c05e579a7483d8f00f63.jpg,640,640,traffic lights,90,171,216,507
WhatsApp-Image-2020-07-04-at-18-38-3_jpg.rf.3b9522e3f7057b55b00e56b435c83a63.jpg,640,640,truck,63,3,635,625
trafficlight178_png_jpg.rf.497227f3f172e1278bf234784a60ea9c.jpg,640,640,traffic lights,126,251,174,331
trafficlight178_png_jpg.rf.497227f3f172e1278bf234784a60ea9c.jpg,640,640,traffic lights,417,246,477,313
32_jpg.rf.4792ddadfb999ecbd2c4c23b35569cc6.jpg,640,640,tree,146,23,462,606
cars_23051_mitsubishi_l300_2015_2305_jpg.rf.410b3e313d6f3a401fda9c006af13ff1.jpg,640,640,truck,0,0,639,639
Image_013422_jpg.rf.48c8ed857301ad71fb7e31f92ee96be8.jpg,640,640,truck,86,83,548,535
Image_013614_jpg.rf.3c5d30dc694374b9623e6a8ad05aeba5.jpg,640,640,truck,97,31,544,635
traffic-light-996-_jpg.rf.44a6b392c5e217c8785c9ed58768de7b.jpg,640,640,traffic lights,156,346,213,477
WhatsApp-Video-2022-11-29-at-20_15_43_mp4-4_jpg.rf.3c361ca41060c0d816f6d37c80eda916.jpg,640,640,car,277,278,423,431
standing_8_11_23-24-_jpg.rf.4a5e6b3e30cf4c15a0bb193a5765f814.jpg,640,640,person,147,71,490,614
traffic-light-871-_jpg.rf.48e9715bee87a36003e266b2bdd0d9a1.jpg,640,640,traffic lights,240,452,283,528
-35C8F869-003E-4989-ADF3-F79D890A8FE4-png_jpg.rf.4d44dcd5b18c9d6c26084209e68fd2a3.jpg,640,640,car,146,121,519,481
standing_8_11_23-51-_jpg.rf.4c028b576e9552491f2ccb9bfe66b4c8.jpg,640,640,person,233,15,518,560
Image_013332_jpg.rf.4e1a8526dfdc77b2c5279d0f657a6de8.jpg,640,640,truck,5,14,640,595
635_jpg.rf.4d4247973269661adf945df64c353b28.jpg,640,640,tree,214,123,510,485
standing_8_11_23-30-_jpg.rf.4f04e84387a1a536525993ad8ba0d765.jpg,640,640,person,129,9,527,616
-6D8CF994-CDAD-4784-9A07-C91C6EEDA073-png_jpg.rf.5236430f43d67ce6b925fff5679e94f5.jpg,640,640,car,85,93,601,464
Tlight-788-_png_jpg.rf.5c67a0fde780965c6fca2e4a28808c62.jpg,640,640,traffic lights,239,121,345,454
second_trail-bag14_png_jpg.rf.5251209fa3ec779c97b6915341a3526c.jpg,640,640,tree,323,105,368,484
second_trail-bag14_png_jpg.rf.5251209fa3ec779c97b6915341a3526c.jpg,640,640,tree,492,141,530,461
second_trail-bag14_png_jpg.rf.5251209fa3ec779c97b6915341a3526c.jpg,640,640,tree,38,186,114,519
Image_013378_jpg.rf.5c4f8357f0fc47c186eecbe5bab66c14.jpg,640,640,truck,53,101,579,566
Image_013452_jpg.rf.5e29a180769630caa75d9545698fbaa4.jpg,640,640,truck,152,147,548,638
-2CC30CC7-5872-41C8-80F9-549219177A84-png_jpg.rf.5f95eeba39e4289cfe2ead944f451521.jpg,640,640,car,85,20,583,572
Image_013415_jpg.rf.5f457a98d5c005ef576c08ffb581c77d.jpg,640,640,truck,61,57,559,529
traffic-light-995-_jpg.rf.5494b36fae936e38a3d25eb47b0ca607.jpg,640,640,traffic lights,286,54,342,182
maxresdefault-12_jpg.rf.53fb97c9d1282a3e0550f6e129230aa9.jpg,640,640,truck,0,0,564,500
maxresdefault-12_jpg.rf.53fb97c9d1282a3e0550f6e129230aa9.jpg,640,640,person,410,363,491,445
542_jpg.rf.645fa654b2ea9627b2cf6c5adadf4cca.jpg,640,640,tree,22,128,558,520
1032_jpg.rf.571538ad0d6d3be3159b18666a69eab3.jpg,640,640,tree,35,69,594,544
tflight_001127_jpg.rf.638c7f0aa5c5e37293e4fc1670793b12.jpg,640,640,traffic lights,182,60,261,202
tflight_001127_jpg.rf.638c7f0aa5c5e37293e4fc1670793b12.jpg,640,640,traffic lights,183,62,257,110
Image_013604_jpg.rf.62a26396c571381381d1d2e15f770b08.jpg,640,640,truck,0,75,567,640
966_jpg.rf.63c879e4c3a8bea96694d2a3e341e1ad.jpg,640,640,tree,98,14,536,601
WhatsApp-Image-2022-12-05-at-18-17-48_jpeg_jpg.rf.598a8d7ad638b767640d0c925beeab96.jpg,640,640,car,135,269,615,553
408_jpg.rf.5fcfed75a0bfc192e5180aabb7d4a80e.jpg,640,640,tree,65,117,639,504
standing_8_11_23-31-_jpg.rf.51e737e1280a35fac90259898104e23b.jpg,640,640,person,161,29,415,601
WhatsApp-Image-2022-12-05-at-18-17-08_jpeg_jpg.rf.663ef90e29648fce7b9c1ac6be655d4b.jpg,640,640,car,22,282,422,593
WhatsApp-Image-2022-12-05-at-18-17-08_jpeg_jpg.rf.663ef90e29648fce7b9c1ac6be655d4b.jpg,640,640,car,268,268,477,448
au_vehicles-8355-2_jpg.rf.60c19fffc673fa866aa616b4b998d8e4.jpg,640,640,truck,54,101,616,428
au_vehicles-8355-2_jpg.rf.60c19fffc673fa866aa616b4b998d8e4.jpg,640,640,car,590,249,639,327
Image_013419_jpg.rf.58508e298349e2b105ec0c041d935f04.jpg,640,640,truck,102,0,563,522
Image_013419_jpg.rf.58508e298349e2b105ec0c041d935f04.jpg,640,640,car,426,353,640,640
bike_105_bmp_jpg.rf.55200b5509c67d551033b95006ae0c23.jpg,640,640,bicycle,312,95,610,386
408_jpg.rf.5cc7bb52e471df2271ffbe7baa93fbad.jpg,640,640,tree,65,117,639,504
426_jpg.rf.6619a0177e1aa21905610ae263b9c65b.jpg,640,640,tree,58,16,534,581
traffic-light-649-_jpg.rf.5532714facbcbfcaf6d33153b50f6639.jpg,640,640,traffic lights,579,197,604,237
Tlight-624-_png_jpg.rf.5a6d7cdfc7a43cdf3748172ada063ccc.jpg,640,640,traffic lights,473,36,570,286
fourth_trail-bag62_png_jpg.rf.54efb652fb302c8f0b92efee4696f180.jpg,640,640,tree,304,0,403,518
fourth_trail-bag62_png_jpg.rf.54efb652fb302c8f0b92efee4696f180.jpg,640,640,tree,564,134,612,505
standing_8_11_23-26-_jpg.rf.6cb53d2a7014eb5b38a19f9eaa200c2e.jpg,640,640,person,214,152,492,582
Tlight-72-_png_jpg.rf.7196e2deea0c485f03559e4eff78e407.jpg,640,640,traffic lights,202,84,352,405
Image_013446_jpg.rf.714b16deeb02e04327194014252441d3.jpg,640,640,car,64,336,269,531
Image_013446_jpg.rf.714b16deeb02e04327194014252441d3.jpg,640,640,truck,186,1,619,619
youtube-54_jpg.rf.6a330ac72c14b58fadb33c1d9bb2fd63.jpg,640,640,car,255,293,538,366
fourth_trail-bag23_png_jpg.rf.6681ced96315cdedd8aa5b0343a591a0.jpg,640,640,tree,362,0,431,502
fourth_trail-bag23_png_jpg.rf.6681ced96315cdedd8aa5b0343a591a0.jpg,640,640,tree,538,62,597,473
Image_013462_jpg.rf.74debe01e38ff135d2cbdcabfdae83dd.jpg,640,640,truck,94,19,575,530
Image_013462_jpg.rf.74debe01e38ff135d2cbdcabfdae83dd.jpg,640,640,car,380,416,640,640
592_jpg.rf.67fbf176d9c1c7dca2292b09f68f5e97.jpg,640,640,tree,31,245,513,440
images-37-_jpg.rf.747a8f268980bcfb8afc5aca576185de.jpg,640,640,traffic lights,262,108,379,513
standing_8_11_23-10-_jpg.rf.74152069d4b336d2e93842bc6879708f.jpg,640,640,person,193,8,473,566
fourth_trail-bag30_png_jpg.rf.6b6e4095fd147fb0b9f91299ed9b37dd.jpg,640,640,tree,493,0,553,488
fourth_trail-bag30_png_jpg.rf.6b6e4095fd147fb0b9f91299ed9b37dd.jpg,640,640,tree,260,0,326,560
download-3-_jpg.rf.6ad3a056c68cc04b50d20e38ed7fb28f.jpg,640,640,tree,29,25,241,527
download-3-_jpg.rf.6ad3a056c68cc04b50d20e38ed7fb28f.jpg,640,640,tree,247,45,497,530
download-3-_jpg.rf.6ad3a056c68cc04b50d20e38ed7fb28f.jpg,640,640,tree,502,217,615,512
traffic-light-802-_jpg.rf.7a0d0e7f5bbc89cf25ac06c692091741.jpg,640,640,traffic lights,211,431,311,611
tflight_001178_jpg.rf.6d92ac1dc4ed2470f280aebc3444d778.jpg,640,640,traffic lights,269,271,292,353
tflight_001178_jpg.rf.6d92ac1dc4ed2470f280aebc3444d778.jpg,640,640,traffic lights,267,412,283,465
tflight_001178_jpg.rf.6d92ac1dc4ed2470f280aebc3444d778.jpg,640,640,traffic lights,253,358,272,386
Tlight-691-_png_jpg.rf.741d1d8b2147f1c9e2e9c1a4911e0244.jpg,640,640,traffic lights,66,182,202,575
Tlight-691-_png_jpg.rf.741d1d8b2147f1c9e2e9c1a4911e0244.jpg,640,640,traffic lights,265,193,403,586
1043_jpg.rf.6c1801de17cdaf5c3342d13949daa7bf.jpg,640,640,tree,34,195,565,511
trafficlight29_png_jpg.rf.71db787f5579b2fae8ac320476cb651c.jpg,640,640,traffic lights,205,312,228,350
trafficlight29_png_jpg.rf.71db787f5579b2fae8ac320476cb651c.jpg,640,640,traffic lights,282,317,313,349
trafficlight29_png_jpg.rf.71db787f5579b2fae8ac320476cb651c.jpg,640,640,traffic lights,336,325,357,346
trafficlight29_png_jpg.rf.71db787f5579b2fae8ac320476cb651c.jpg,640,640,traffic lights,393,324,411,345
trafficlight29_png_jpg.rf.71db787f5579b2fae8ac320476cb651c.jpg,640,640,traffic lights,527,364,557,390
standing_8_11_23-60-_jpg.rf.68e6c7c09372df935bc18e902f89990e.jpg,640,640,person,298,212,366,342
traffic-light-118-_jpg.rf.7c2ccc88daad4321be0e88a950e0fe00.jpg,640,640,traffic lights,192,132,386,466
trafficlight109_png_jpg.rf.7745f832943b2b13f7268f8a63bd826f.jpg,640,640,traffic lights,506,385,531,412
trafficlight109_png_jpg.rf.7745f832943b2b13f7268f8a63bd826f.jpg,640,640,traffic lights,92,417,119,441
WhatsApp-Image-2022-11-29-at-20-15-44-1-_jpeg_jpg.rf.7c3f5200a8568b5fcd839d7874b803b6.jpg,640,640,car,177,239,451,497
vec1677605747_png_jpg.rf.72f616644c5f207361ee088e35ee0bb5.jpg,640,640,traffic lights,454,192,638,533
1052_jpg.rf.766cefa890587c941c769ed1fe8e3aad.jpg,640,640,tree,75,64,550,627
why-you-wait-too-long-at-red-lights_jpg.rf.6d2012ed1040c9ff8e8495e625e0be3e.jpg,640,640,traffic lights,111,210,184,441
Tlight-86-_png_jpg.rf.7bf4949a4fb82d4c1f717a98e0a45ab5.jpg,640,640,traffic lights,242,105,541,281
-0573F94C-289D-4503-A571-94C6C8C5674C-png_jpg.rf.7d8f75ab324b3dd806241305bafd21b0.jpg,640,640,car,100,121,605,433
traffic-light-721-_jpg.rf.7c8ded3e553354d0117cb27c0e9940cd.jpg,640,640,traffic lights,173,65,482,553
traffic-light-927-_jpg.rf.798bc9fffb72a388961ccbf0b4f55cf8.jpg,640,640,traffic lights,191,63,420,486
WhatsApp-Image-2022-12-05-at-18-25-08_jpeg_jpg.rf.7cc661852e974f0345acc4fc483c8dc6.jpg,640,640,car,272,288,595,563
traffic-light-27-_jpg.rf.80f5042faf186c7f77103479370dc7da.jpg,640,640,traffic lights,229,185,369,484
traffic-light-903-_jpg.rf.85153c07ca6353fca8f2021507a4c898.jpg,640,640,traffic lights,6,46,352,592
-50C76EC2-B514-4A65-ABA6-5BAF8A6015B7-png_jpg.rf.86d69e4c98db9239895944c8fce06074.jpg,640,640,car,59,64,538,523
Tlight-555-_png_jpg.rf.7dcce6888eee90bd802dd70088bf57e5.jpg,640,640,traffic lights,485,203,542,394
first_trail-bag19_png_jpg.rf.8bae9abe687bfff125ce5f4f451ccee7.jpg,640,640,tree,493,5,542,476
first_trail-bag19_png_jpg.rf.8bae9abe687bfff125ce5f4f451ccee7.jpg,640,640,tree,332,1,380,484
first_trail-bag19_png_jpg.rf.8bae9abe687bfff125ce5f4f451ccee7.jpg,640,640,tree,45,5,159,530
Image_013299_jpg.rf.82f11a8bf07750c8bebe17903e4bf3c2.jpg,640,640,truck,156,113,509,530
Image_013299_jpg.rf.82f11a8bf07750c8bebe17903e4bf3c2.jpg,640,640,car,0,320,52,464
standing_8_11_23-57-_jpg.rf.8fbb125cca227bf0b2e9d3db9fd15bf1.jpg,640,640,person,174,118,286,377
73_jpg.rf.84198dd5d251e31e29e2a0b34e831d12.jpg,640,640,tree,174,113,493,562
traffic-light-183-_jpg.rf.88ed4351d0408dcb2499e96a92560d64.jpg,640,640,traffic lights,549,471,620,590
traffic-light-183-_jpg.rf.88ed4351d0408dcb2499e96a92560d64.jpg,640,640,traffic lights,106,8,168,61
629_jpg.rf.7e3d86534d5725477506fe0e2746a876.jpg,640,640,tree,64,31,514,516
559_jpg.rf.8923f5a979054316170f2d76983d4dde.jpg,640,640,tree,126,39,580,612
-23705E7A-1279-43E7-B20A-CE37ADAB61DD-png_jpg.rf.8cf8bcbb5f2c1ecfca78fe574a7686b3.jpg,640,640,car,156,14,609,626
Tlight-720-_png_jpg.rf.916312af94d6c1dc72a224e1f96e129c.jpg,640,640,traffic lights,111,110,195,270
Tlight-720-_png_jpg.rf.916312af94d6c1dc72a224e1f96e129c.jpg,640,640,traffic lights,513,323,546,420
-0ACAD937-70A4-46F0-8E49-0CAE6F942CF2-png_jpg.rf.89ecb74b9ee4adf07d3b2bc29d9c487a.jpg,640,640,car,31,60,585,575
Tlight-577-_png_jpg.rf.8fd82898ab3353ac89c764d6ea994929.jpg,640,640,traffic lights,166,240,259,531
-1719DE15-BCDC-404A-8470-386AAD8717B4-png_jpg.rf.8ae1d55d9fccaba50f1f690100394bac.jpg,640,640,car,119,223,452,596
156_jpg.rf.8b8900a459850af28990c32ee1147718.jpg,640,640,tree,52,86,572,577
768_jpg.rf.9122cfdafae4b58cbafb4e305f55cb47.jpg,640,640,tree,21,49,571,612
-BD23F506-8DE9-4C71-B79A-585BF30E68A5-png_jpg.rf.7e6e4e43cb51b0df4eb1ed204cd9139a.jpg,640,640,car,54,89,561,538
-26D423C9-C9F8-4CA3-B49E-3664225FB20C-png_jpg.rf.93942d5e64af2b0e0d91593ef0f010ba.jpg,640,640,car,114,163,329,537
-26D423C9-C9F8-4CA3-B49E-3664225FB20C-png_jpg.rf.93942d5e64af2b0e0d91593ef0f010ba.jpg,640,640,car,406,138,585,443
traffic-light-666-_jpg.rf.84a6eb3d976433a90910a6d88fd83b76.jpg,640,640,traffic lights,334,165,360,225
traffic-light-666-_jpg.rf.84a6eb3d976433a90910a6d88fd83b76.jpg,640,640,traffic lights,148,370,179,433
Image_013539_jpg.rf.91d819645bc5120a89c51d963a376490.jpg,640,640,truck,114,66,532,520
Image_013539_jpg.rf.91d819645bc5120a89c51d963a376490.jpg,640,640,car,279,68,441,148
trafficlight4_png_jpg.rf.8dd25485a3441c0d8bc650fcf1b53825.jpg,640,640,traffic lights,175,181,237,286
trafficlight4_png_jpg.rf.8dd25485a3441c0d8bc650fcf1b53825.jpg,640,640,traffic lights,454,217,516,303
first_trail-bag36_png_jpg.rf.8660dde0f0cf1bdbe99c8e0c25bf9073.jpg,640,640,tree,323,0,392,445
first_trail-bag36_png_jpg.rf.8660dde0f0cf1bdbe99c8e0c25bf9073.jpg,640,640,tree,10,1,96,515
first_trail-bag36_png_jpg.rf.8660dde0f0cf1bdbe99c8e0c25bf9073.jpg,640,640,tree,502,176,553,456
200px-Lwr_Mount_Street_by_the_Grand_Canal-_Dublin-_-_Coppermine_-_4671_jpg.rf.959e778bc98d4cb475298ba2944c73c7.jpg,640,640,traffic lights,183,29,354,351
traffic-light-137-_jpg.rf.966d18f914c8fd60ed72ce22100017cd.jpg,640,640,traffic lights,227,100,396,533
mitsubishi-fuso-canter-fg-dump-truck_jpg.rf.94054adc87039eec22d81674b8b5df94.jpg,640,640,truck,36,100,565,542
mitsubishi-fuso-canter-fg-dump-truck_jpg.rf.94054adc87039eec22d81674b8b5df94.jpg,640,640,truck,559,240,640,320
fourth_trail-bag3_png_jpg.rf.97c58f3312108d6022e9678b36ad5065.jpg,640,640,tree,496,16,549,430
fourth_trail-bag3_png_jpg.rf.97c58f3312108d6022e9678b36ad5065.jpg,640,640,tree,603,116,640,436
fourth_trail-bag3_png_jpg.rf.97c58f3312108d6022e9678b36ad5065.jpg,640,640,tree,295,185,355,499
trafficlight11_png_jpg.rf.9abf78d88e2d02751142d3ffa6916437.jpg,640,640,traffic lights,386,250,494,363
trafficlight11_png_jpg.rf.9abf78d88e2d02751142d3ffa6916437.jpg,640,640,traffic lights,537,187,640,345
tflight_001287_jpg.rf.98191d9f0782fc5262c269c198750c24.jpg,640,640,traffic lights,185,95,547,510
tflight_001287_jpg.rf.98191d9f0782fc5262c269c198750c24.jpg,640,640,traffic lights,290,353,460,450
tflight_001287_jpg.rf.98191d9f0782fc5262c269c198750c24.jpg,640,640,traffic lights,208,171,420,276
tflight_001287_jpg.rf.98191d9f0782fc5262c269c198750c24.jpg,640,640,traffic lights,262,281,425,356
standing_8_11_23-72-_jpg.rf.9d55e8b71308e6dcb77f49aafa05aead.jpg,640,640,person,267,74,518,515
youtube-35_jpg.rf.a1ad9e8f7693f9201004785c38a853f5.jpg,640,640,car,236,311,349,349
630_jpg.rf.9b48d571089ab31cd9c7e4ccbc8ad276.jpg,640,640,tree,114,120,517,464
1049_jpg.rf.a4248a11fee89c169a76304b092eb904.jpg,640,640,tree,105,149,640,501
Tlight-748-_png_jpg.rf.9b2730142e26eaabb37d42f2abfcd158.jpg,640,640,traffic lights,51,183,124,302
Tlight-748-_png_jpg.rf.9b2730142e26eaabb37d42f2abfcd158.jpg,640,640,traffic lights,446,139,536,194
maxresdefault-3_jpg.rf.9c7eac838bd0b06d9777574bf2e75ce5.jpg,640,640,person,0,244,98,530
maxresdefault-3_jpg.rf.9c7eac838bd0b06d9777574bf2e75ce5.jpg,640,640,person,394,163,469,255
maxresdefault-3_jpg.rf.9c7eac838bd0b06d9777574bf2e75ce5.jpg,640,640,truck,70,110,600,579
maxresdefault-3_jpg.rf.9c7eac838bd0b06d9777574bf2e75ce5.jpg,640,640,truck,0,117,144,340
maxresdefault-3_jpg.rf.9c7eac838bd0b06d9777574bf2e75ce5.jpg,640,640,motorcycle,0,350,116,586
trafficlight150_png_jpg.rf.a5b702852d1a6aa242da0677242d4f52.jpg,640,640,traffic lights,69,204,156,354
trafficlight150_png_jpg.rf.a5b702852d1a6aa242da0677242d4f52.jpg,640,640,traffic lights,473,387,578,533
Tlight-778-_png_jpg.rf.a1c44478d6434835116ccc876cfe7d88.jpg,640,640,traffic lights,194,243,231,381
Tlight-778-_png_jpg.rf.a1c44478d6434835116ccc876cfe7d88.jpg,640,640,traffic lights,462,288,543,485
1037_jpg.rf.a46b739ff08395042ea9a47dad0f031b.jpg,640,640,tree,8,151,503,469
31_jpg.rf.9f3d7ec7cb4b70bef2bc18f303a2550f.jpg,640,640,tree,33,75,601,604
149618483_-cvqHzFbDImpN8g7aASZ3A3AdSesfjz8timij-u9Gww_jpg.rf.a813b92876eb9bb99fbbacf6adb541e9.jpg,640,640,traffic lights,249,50,323,244
cBdKihjh1Us6DwCV5JAjZObUkO35P3lPxkjq_jpg.rf.934559aadd7fbe9cb9c9ee34fb5eb92a.jpg,640,640,truck,1,0,478,639
-11F0AF93-D3D0-4415-A4A0-B3430EA0886B-png_jpg.rf.a834cdc0723d8e589231aaff33ae54a1.jpg,640,640,car,122,10,522,612
WhatsApp-Image-2022-12-05-at-18-21-42_jpeg_jpg.rf.a828b664388d79184bb6f565cb37a5d4.jpg,640,640,car,139,191,430,412
WhatsApp-Image-2022-12-05-at-18-21-42_jpeg_jpg.rf.a828b664388d79184bb6f565cb37a5d4.jpg,640,640,car,297,225,632,553
WhatsApp-Image-2022-12-05-at-18-21-42_jpeg_jpg.rf.a828b664388d79184bb6f565cb37a5d4.jpg,640,640,car,13,188,241,356
1021_jpg.rf.9cdde665d3f0e759bccf20a6626b956d.jpg,640,640,tree,174,83,500,608
bike_012_bmp_jpg.rf.a232a5dbe1fd6e07c8dc7ea55ef50d9c.jpg,640,640,bicycle,222,125,389,558
trafficlight133_png_jpg.rf.a44e61e7c847258167670273b2619a20.jpg,640,640,traffic lights,474,319,512,385
trafficlight133_png_jpg.rf.a44e61e7c847258167670273b2619a20.jpg,640,640,traffic lights,403,351,438,403
trafficlight133_png_jpg.rf.a44e61e7c847258167670273b2619a20.jpg,640,640,traffic lights,219,271,281,354
trafficlight10_png_jpg.rf.a616e4881ab0c8c9c5a22c77bc3cbd52.jpg,640,640,traffic lights,332,238,360,277
trafficlight10_png_jpg.rf.a616e4881ab0c8c9c5a22c77bc3cbd52.jpg,640,640,traffic lights,482,224,520,270
trafficlight10_png_jpg.rf.a616e4881ab0c8c9c5a22c77bc3cbd52.jpg,640,640,traffic lights,17,259,39,293
trafficlight10_png_jpg.rf.a616e4881ab0c8c9c5a22c77bc3cbd52.jpg,640,640,traffic lights,205,303,243,323
hqdefault-4_jpg.rf.a6395f2b8ea38f51b86ce6dff375c321.jpg,640,640,truck,219,233,328,386
hqdefault-4_jpg.rf.a6395f2b8ea38f51b86ce6dff375c321.jpg,640,640,motorcycle,408,324,446,391
hqdefault-4_jpg.rf.a6395f2b8ea38f51b86ce6dff375c321.jpg,640,640,person,419,296,443,374
standing_8_11_23-78-_jpg.rf.ab7566dc82e9ab112d5ca4c7a8dba62e.jpg,640,640,person,194,39,467,530
tflight_001327_jpg.rf.a554ec9128ef4fe0e76363ab8be7f342.jpg,640,640,traffic lights,353,240,499,313
341_jpg.rf.9adc289c5df030ce375c5a06e393fe09.jpg,640,640,tree,84,27,571,623
Image_013373_jpg.rf.acb70d562490390d76c5c0bf1bdde7bc.jpg,640,640,truck,130,133,500,639
trafficlight153_png_jpg.rf.abb953a0ea6d447ebf0c13aac0b62e4b.jpg,640,640,traffic lights,265,328,312,399
trafficlight153_png_jpg.rf.abb953a0ea6d447ebf0c13aac0b62e4b.jpg,640,640,traffic lights,486,341,546,410
bike_087_bmp_jpg.rf.a76d75d296f02e6ed39983007abbd500.jpg,640,640,bicycle,290,0,602,269
Tlight-576-_png_jpg.rf.a5dddcff7ffcfe13d95f109dbdbaad97.jpg,640,640,traffic lights,466,94,530,206
tflight_001596_jpg.rf.a353cb48a04d9008bad22b009f196f2c.jpg,640,640,traffic lights,239,265,406,373
tflight_001596_jpg.rf.a353cb48a04d9008bad22b009f196f2c.jpg,640,640,traffic lights,221,145,399,263
tflight_001596_jpg.rf.a353cb48a04d9008bad22b009f196f2c.jpg,640,640,traffic lights,44,191,232,528
Image_013501_jpg.rf.acb6765aefc700f402669bc1c8e425a7.jpg,640,640,truck,18,46,640,606
Image_013501_jpg.rf.acb6765aefc700f402669bc1c8e425a7.jpg,640,640,car,20,326,137,502
WhatsApp-Image-2022-11-29-at-20-15-44_jpeg_jpg.rf.ad9ff4dcd651da4d51ef02eb381b0c31.jpg,640,640,car,252,262,390,482
92_jpg.rf.ad7a30902dfd11605633952de7ac69c3.jpg,640,640,tree,99,221,306,611
-BCD3FEC3-6941-430A-A64B-5E445E741343-png_jpg.rf.b1340bd6ccf12f65653f45fc221a17e3.jpg,640,640,car,198,154,640,571
681_jpg.rf.af05d5ee3369c7419b63a444be27b88a.jpg,640,640,tree,139,29,315,459
681_jpg.rf.af05d5ee3369c7419b63a444be27b88a.jpg,640,640,tree,346,73,516,447
bike_011_bmp_jpg.rf.b4d4ef395dad1747df175298aa6fb9f6.jpg,640,640,bicycle,226,207,468,468
traffic-light-488-_jpg.rf.b08108a0563c2d1125f23016932ebb17.jpg,640,640,traffic lights,163,308,188,382
traffic-light-488-_jpg.rf.b08108a0563c2d1125f23016932ebb17.jpg,640,640,traffic lights,428,425,451,494
bike_082_bmp_jpg.rf.b6fa9486a5ffe7c7baf82005c3f4489d.jpg,640,640,bicycle,310,47,614,640
-5E037376-5D27-4953-9841-0083E8D06D0B-png_jpg.rf.b35b99f30dcd9b5bdc2e437df6128d6d.jpg,640,640,car,185,136,477,347
maxresdefault-3_jpg.rf.ba3fda1297a943e41284207b7f68f1bb.jpg,640,640,person,538,133,638,396
maxresdefault-3_jpg.rf.ba3fda1297a943e41284207b7f68f1bb.jpg,640,640,truck,37,128,575,527
maxresdefault-3_jpg.rf.ba3fda1297a943e41284207b7f68f1bb.jpg,640,640,motorcycle,517,57,640,285
maxresdefault-3_jpg.rf.ba3fda1297a943e41284207b7f68f1bb.jpg,640,640,truck,517,321,640,519
standing_8_11_23-29-_jpg.rf.c417f1517dbe6eb2afc2ca1e97e58d94.jpg,640,640,person,0,0,640,640
Image_013470_jpg.rf.c4fd5df51007bb176c6b282d3f102fff.jpg,640,640,truck,54,151,532,640
youtube-28_jpg.rf.c517482be5eb785544eea2ffab2e1ce6.jpg,640,640,car,203,325,337,364
first_trail-bag33_png_jpg.rf.adfc3003708082f00758bcb9a13cb396.jpg,640,640,tree,448,3,488,462
first_trail-bag33_png_jpg.rf.adfc3003708082f00758bcb9a13cb396.jpg,640,640,tree,249,87,306,492
WhatsApp-Image-2022-12-05-at-18-18-04_jpeg_jpg.rf.c04de04d44179beddb6922ce2d550151.jpg,640,640,car,312,296,524,485
tflight_001613_jpg.rf.b70352bda714629da7225dda698927a0.jpg,640,640,traffic lights,424,221,426,400
tflight_001613_jpg.rf.b70352bda714629da7225dda698927a0.jpg,640,640,traffic lights,270,316,424,411
tflight_001613_jpg.rf.b70352bda714629da7225dda698927a0.jpg,640,640,traffic lights,265,418,427,531
bike_107_bmp_jpg.rf.b49fe910b397e230d9d76a5e1f1771b4.jpg,640,640,bicycle,421,115,640,318
Tlight-697-_png_jpg.rf.b9dc4669c551448ef147ccaac28ef21a.jpg,640,640,traffic lights,83,235,139,423
Tlight-697-_png_jpg.rf.b9dc4669c551448ef147ccaac28ef21a.jpg,640,640,traffic lights,413,277,483,411
traffic-light-12-_jpg.rf.ba20a00fc7981d19dfe0c056103cbd74.jpg,640,640,traffic lights,179,72,393,523
171_jpg.rf.bdfe8b6e3516389a55adf366c0ea625b.jpg,640,640,tree,87,267,523,486
WhatsApp-Image-2022-12-05-at-18-24-17_jpeg_jpg.rf.c41a5fd040830f353538ce99c7a371cc.jpg,640,640,car,53,107,622,552
first_trail-bag2_png_jpg.rf.bfab24211ef67d74766a39e60b1d6387.jpg,640,640,tree,332,5,377,459
first_trail-bag2_png_jpg.rf.bfab24211ef67d74766a39e60b1d6387.jpg,640,640,tree,68,3,124,503
first_trail-bag2_png_jpg.rf.bfab24211ef67d74766a39e60b1d6387.jpg,640,640,tree,471,120,524,454
Tlight-751-_png_jpg.rf.ba5c35cf4079328ce9848d57f2cc4a0d.jpg,640,640,traffic lights,37,121,84,234
Tlight-751-_png_jpg.rf.ba5c35cf4079328ce9848d57f2cc4a0d.jpg,640,640,traffic lights,218,184,278,262
16_jpeg_jpg.rf.c5587f4d3eab311fc168de7e654d0475.jpg,640,640,tree,300,162,639,435
148_jpg.rf.c4f69ab3ecbbbbd770afc4918e204856.jpg,640,640,tree,105,64,561,541
131_jpg.rf.c5556c1707c3463ffec359f6d070a1b8.jpg,640,640,tree,74,135,560,560
led-traffic-signal-light-500x500-250x250_jpg.rf.b54d0c22159b2507d17dc6a3dac42620.jpg,640,640,traffic lights,59,38,239,549
traffic-light-811-_jpg.rf.b45de78b894f99010c307e76b1000bdc.jpg,640,640,traffic lights,256,203,382,443
830_jpg.rf.c2d81c304cf3c75b94c3593b2795f668.jpg,640,640,tree,202,59,508,504
Tlight-723-_png_jpg.rf.c96e4037ecec9cb70b55018c213a89da.jpg,640,640,traffic lights,242,29,292,119
Tlight-723-_png_jpg.rf.c96e4037ecec9cb70b55018c213a89da.jpg,640,640,traffic lights,120,26,175,109
Tlight-723-_png_jpg.rf.c96e4037ecec9cb70b55018c213a89da.jpg,640,640,traffic lights,387,49,440,142
Image_013296_jpg.rf.c006dc2968003f36314b63eaaf414e8b.jpg,640,640,truck,65,0,557,524
Image_013470_jpg.rf.c62be90c90ad97b2f0ac60c1999ebae2.jpg,640,640,truck,102,0,587,482
-2AE9E484-CD7E-45FB-BD22-3EB7588C1224-png_jpg.rf.c57486175e1a526b5c0b81d4d8ae1597.jpg,640,640,car,3,133,551,471
traffic-light-37-_jpg.rf.c8ee43983d565fabb9106c6162ad9dd9.jpg,640,640,traffic lights,277,206,428,472
standing_8_11_23-14-_jpg.rf.c97a9377a576a955094e085c30875dac.jpg,640,640,person,200,27,456,615
207_jpg.rf.c5ad84feddfeb4a802be2f274381adeb.jpg,640,640,tree,148,32,497,428
176_jpg.rf.cabd34ea9207361a03709a3bed23adc4.jpg,640,640,tree,57,89,586,500
traffic-light-729-_jpg.rf.cb2512c103cf0fe8afa3268dd1437f3e.jpg,640,640,traffic lights,239,82,553,565
tflight_001575_jpg.rf.cb953c024e663b44515d5f38612df6c8.jpg,640,640,traffic lights,76,297,121,362
tflight_001575_jpg.rf.cb953c024e663b44515d5f38612df6c8.jpg,640,640,traffic lights,79,357,119,428
tflight_001575_jpg.rf.cb953c024e663b44515d5f38612df6c8.jpg,640,640,traffic lights,75,421,120,484
tflight_001575_jpg.rf.cb953c024e663b44515d5f38612df6c8.jpg,640,640,traffic lights,69,294,127,484
tflight_001575_jpg.rf.cb953c024e663b44515d5f38612df6c8.jpg,640,640,traffic lights,405,459,443,509
tflight_001575_jpg.rf.cb953c024e663b44515d5f38612df6c8.jpg,640,640,traffic lights,402,326,444,393
tflight_001575_jpg.rf.cb953c024e663b44515d5f38612df6c8.jpg,640,640,traffic lights,403,392,444,450
tflight_001575_jpg.rf.cb953c024e663b44515d5f38612df6c8.jpg,640,640,traffic lights,395,330,450,516
Image_013395_jpg.rf.c9dc4e455f1545b1e362b00de603ce29.jpg,640,640,truck,61,74,576,552
standing_8_11_23-27-_jpg.rf.d8ba88e1bdff4277196dcec737dbd7e9.jpg,640,640,person,164,67,402,620
-BEACF130-F07D-4352-87CF-2BBC32A8C5AC-png_jpg.rf.d29c0749f60332153e59958af4a99df1.jpg,640,640,car,150,108,568,475
WhatsApp-Image-2022-11-29-at-20-15-43_jpeg_jpg.rf.d296555c5bc185a989a284a1bc798b4d.jpg,640,640,car,250,272,385,552
Image_013419_jpg.rf.d44e975dd2f2ccdacce504dbeb0fe67f.jpg,640,640,truck,73,0,548,522
Image_013419_jpg.rf.d44e975dd2f2ccdacce504dbeb0fe67f.jpg,640,640,car,2,359,213,640
tflight_001221_jpg.rf.cdb4ffa7b20350496f6abf3022a20918.jpg,640,640,traffic lights,242,118,471,267
tflight_001221_jpg.rf.cdb4ffa7b20350496f6abf3022a20918.jpg,640,640,traffic lights,247,265,475,395
tflight_001221_jpg.rf.cdb4ffa7b20350496f6abf3022a20918.jpg,640,640,traffic lights,219,397,484,550
tflight_001221_jpg.rf.cdb4ffa7b20350496f6abf3022a20918.jpg,640,640,traffic lights,221,120,490,557
-156F82DF-5099-4AEA-8574-19720B40C034-png_jpg.rf.cb2926c2a9a238dc070d1308234d9991.jpg,640,640,car,100,128,514,541
traffic-light-990-_jpg.rf.deb3f55a00b56548594ab2a29c94c473.jpg,640,640,traffic lights,351,205,456,402
Image_013497_jpg.rf.cdd551173aeecbefb44fc1089c419413.jpg,640,640,truck,86,85,462,506
Image_013497_jpg.rf.cdd551173aeecbefb44fc1089c419413.jpg,640,640,car,411,451,553,566
398_jpg.rf.d015c314ef706bc01f3cb8870b86dcd5.jpg,640,640,tree,100,56,504,490
Tlight-782-_png_jpg.rf.d7bea0cdb9e03fb32d85ab06407cf700.jpg,640,640,traffic lights,111,264,176,375
tflight_001645_jpg.rf.d298fe472328a883c14bf14c96c3fca7.jpg,640,640,traffic lights,168,143,451,351
WhatsApp-Image-2022-12-05-at-18-16-39_jpeg_jpg.rf.df15652d15b2fd3c80d10f4833db7626.jpg,640,640,car,22,250,273,549
traffic-light-912-_jpg.rf.cb67ccd8faa36432c3d2c5787b8c72ff.jpg,640,640,traffic lights,169,117,403,576
WhatsApp-Image-2022-12-05-at-18-19-23_jpeg_jpg.rf.d389f73ef3ab06c4f686ebf17e18ee84.jpg,640,640,car,427,513,505,608
WhatsApp-Image-2022-12-05-at-18-19-23_jpeg_jpg.rf.d389f73ef3ab06c4f686ebf17e18ee84.jpg,640,640,car,363,497,418,574
WhatsApp-Image-2022-12-05-at-18-19-23_jpeg_jpg.rf.d389f73ef3ab06c4f686ebf17e18ee84.jpg,640,640,car,275,486,330,568
traffic-light-745-_jpg.rf.d709f7439b6393d566981c76253dd51d.jpg,640,640,traffic lights,69,71,302,500
traffic-light-990-_jpg.rf.dec0480bd9796b6d2f5f858e51412df8.jpg,640,640,traffic lights,182,289,276,483
1038_jpg.rf.de96a9e877943d0f7f6a95179f2b4b0f.jpg,640,640,tree,41,15,562,582
668_jpeg_jpg.rf.dc7b3b8bb5b219df502b366487c2f735.jpg,640,640,tree,44,198,575,529
Tlight-535-_png_jpg.rf.e1137e2c5a22224d9b5ad73af552dbe3.jpg,640,640,traffic lights,517,30,600,212
-DD69513A-F7AA-42AB-8934-FED2717CC935-png_jpg.rf.e1a6c4cac23c69a535962a99acaa0491.jpg,640,640,car,162,130,538,471
Sudan1-1-_jpg.rf.e20a60b3eaac2dc0e582d6f067118f10.jpg,640,640,traffic lights,6,57,99,206
-526B0491-0C42-4F0F-A201-ECFD6ED3DD6E-png_jpg.rf.d985b2f4a5c298655884f00041270902.jpg,640,640,car,135,340,453,602
traffic-light-76-_jpg.rf.e1fd449a0b78f29207523a49264987c0.jpg,640,640,traffic lights,134,69,468,554
Tlight-1-_png_jpg.rf.e2c01697e3130a7c8b8b4d9456c32cf5.jpg,640,640,traffic lights,171,124,214,194
Tlight-1-_png_jpg.rf.e2c01697e3130a7c8b8b4d9456c32cf5.jpg,640,640,traffic lights,303,112,335,173
standing_8_11_23-32-_jpg.rf.e0d15470ed1080cc49d6b736626e7883.jpg,640,640,person,205,0,510,640
Tlight-583-_png_jpg.rf.e400b06705cba5e353c2f7edc545dc73.jpg,640,640,traffic lights,244,128,306,255
Tlight-583-_png_jpg.rf.e400b06705cba5e353c2f7edc545dc73.jpg,640,640,traffic lights,483,118,579,245
Tlight-556-_png_jpg.rf.edc8fe4edb16e6e4a23936faf98d922b.jpg,640,640,traffic lights,176,87,194,129
Tlight-556-_png_jpg.rf.edc8fe4edb16e6e4a23936faf98d922b.jpg,640,640,traffic lights,22,121,39,165
Tlight-556-_png_jpg.rf.edc8fe4edb16e6e4a23936faf98d922b.jpg,640,640,traffic lights,304,91,333,143
Tlight-556-_png_jpg.rf.edc8fe4edb16e6e4a23936faf98d922b.jpg,640,640,traffic lights,424,150,447,183
fourth_trail-bag61_png_jpg.rf.edd69a3066a1b925b3f0ee7261cfbc56.jpg,640,640,tree,512,1,589,497
fourth_trail-bag61_png_jpg.rf.edd69a3066a1b925b3f0ee7261cfbc56.jpg,640,640,tree,244,0,337,588
WhatsApp-Image-2022-12-05-at-18-19-23_jpeg_jpg.rf.e72eae17c6d84ce1c5270db318b4a616.jpg,640,640,car,427,513,505,608
WhatsApp-Image-2022-12-05-at-18-19-23_jpeg_jpg.rf.e72eae17c6d84ce1c5270db318b4a616.jpg,640,640,car,363,497,418,574
WhatsApp-Image-2022-12-05-at-18-19-23_jpeg_jpg.rf.e72eae17c6d84ce1c5270db318b4a616.jpg,640,640,car,275,486,330,568
istockphoto-950322678-612x612_jpg.rf.e592991d5e2a7b49c6ba264cde10ad54.jpg,640,640,traffic lights,417,32,479,248
bike_084_bmp_jpg.rf.eb9fe4cebe1df004d9b3afc486486ae1.jpg,640,640,bicycle,6,121,255,640
images-34-_jpg.rf.ed9ab756314d6844dd1ba117d32bf321.jpg,640,640,traffic lights,280,12,389,491
Tlight-631-_png_jpg.rf.ed952b3a0ea4a9a9e1b7916591fe0c00.jpg,640,640,traffic lights,211,220,261,337
Tlight-631-_png_jpg.rf.ed952b3a0ea4a9a9e1b7916591fe0c00.jpg,640,640,traffic lights,486,235,552,346
first_trail-bag44_png_jpg.rf.e8ec2dcab4eed9dd0235a2cb7058bd12.jpg,640,640,tree,579,31,624,444
first_trail-bag44_png_jpg.rf.e8ec2dcab4eed9dd0235a2cb7058bd12.jpg,640,640,tree,230,1,296,500
56_jpg.rf.f012c9e026428fa14b049f50f770fd35.jpg,640,640,tree,85,204,527,480
used-2003-mitsubishi-fuso-fe-hd-box-_jpg.rf.e549923d4657d526a896dcfb24205108.jpg,640,640,person,123,292,133,326
used-2003-mitsubishi-fuso-fe-hd-box-_jpg.rf.e549923d4657d526a896dcfb24205108.jpg,640,640,truck,129,44,603,583
used-2003-mitsubishi-fuso-fe-hd-box-_jpg.rf.e549923d4657d526a896dcfb24205108.jpg,640,640,car,567,276,631,351
used-2003-mitsubishi-fuso-fe-hd-box-_jpg.rf.e549923d4657d526a896dcfb24205108.jpg,640,640,car,55,289,125,332
WhatsApp-2BImage-2B2017-07-26-2Bat-2-1_jpg.rf.ed342c8c14d4540baec097476927ef49.jpg,640,640,truck,1,85,621,504
ampeln-rot-grun-400-75677667_jpg.rf.f13a354af0c344c834848af606d20d7a.jpg,640,640,traffic lights,16,42,298,581
336_jpg.rf.eb6a7ae0dae49d817bc6b0bc9252ddf1.jpg,640,640,tree,44,172,488,461
WhatsApp-Image-2022-12-05-at-18-18-28_jpeg_jpg.rf.ef2d7c95e8615cf78468c8a2fa0be431.jpg,640,640,car,124,79,530,568
maxresdefault-9_jpg.rf.f23002da44c16cd4b59c6c1e4cc17477.jpg,640,640,truck,2,80,622,638
tflight_001496_jpg.rf.f0bc193718b367bbd8330d016a4730f1.jpg,640,640,traffic lights,497,114,517,184
tflight_001496_jpg.rf.f0bc193718b367bbd8330d016a4730f1.jpg,640,640,traffic lights,270,168,286,226
tflight_001496_jpg.rf.f0bc193718b367bbd8330d016a4730f1.jpg,640,640,traffic lights,498,138,515,159
tflight_001496_jpg.rf.f0bc193718b367bbd8330d016a4730f1.jpg,640,640,traffic lights,269,188,285,207
tflight_001496_jpg.rf.f0bc193718b367bbd8330d016a4730f1.jpg,640,640,traffic lights,115,217,133,280
images-25-_jpg.rf.e8a5b192c8d144cc97ae66384bb2a10d.jpg,640,640,traffic lights,399,294,470,547
standing_8_11_23-71-_jpg.rf.eec6d0239a55ff5063aacef6319ce438.jpg,640,640,person,323,22,475,640
WIN_20230111_13_19_01_Pro_mp4-6_jpg.rf.f026c25c4a73637f92bac2742d891742.jpg,640,640,tree,13,269,640,365
mitsubishi-boom-truck-15934054952_jpg.rf.ea8dfd83a7b1c75b3e53886cceb538c1.jpg,640,640,truck,94,145,541,619
Tlight-588-_png_jpg.rf.eedc577ca01bb38d0b5e7acdf7c75c24.jpg,640,640,traffic lights,55,156,94,253
Tlight-588-_png_jpg.rf.eedc577ca01bb38d0b5e7acdf7c75c24.jpg,640,640,traffic lights,280,161,333,262
fourth_trail-bag18_png_jpg.rf.ebfaf8b1701dba5f964ebe4a9e97519e.jpg,640,640,tree,492,12,540,431
fourth_trail-bag18_png_jpg.rf.ebfaf8b1701dba5f964ebe4a9e97519e.jpg,640,640,tree,598,120,640,440
fourth_trail-bag18_png_jpg.rf.ebfaf8b1701dba5f964ebe4a9e97519e.jpg,640,640,tree,294,115,342,474
fourth_trail-bag87_png_jpg.rf.f0bec87cc471703deed1727d881e5c12.jpg,640,640,tree,520,0,585,496
fourth_trail-bag87_png_jpg.rf.f0bec87cc471703deed1727d881e5c12.jpg,640,640,tree,259,0,324,551
traffic-light-602-_jpg.rf.f2c0279b99316fb110f92766ec44f65b.jpg,640,640,traffic lights,397,288,592,607
426_jpg.rf.f11785e63f5a23bd3f3d25272c3e06ef.jpg,640,640,tree,14,61,579,537
first_trail-bag39_png_jpg.rf.ee05b492fbea6c2362e3cd50d904b7b4.jpg,640,640,tree,420,0,478,462
first_trail-bag39_png_jpg.rf.ee05b492fbea6c2362e3cd50d904b7b4.jpg,640,640,tree,208,1,287,512
Modifikasi-2BTruk-2BIndonesia-2B10_jpg.rf.fb2e8e81da42f0125dd8ab9042985ed6.jpg,640,640,person,0,121,26,228
Modifikasi-2BTruk-2BIndonesia-2B10_jpg.rf.fb2e8e81da42f0125dd8ab9042985ed6.jpg,640,640,truck,28,51,576,575
541_jpg.rf.f4e60b6d28053dcae5abd00a1133c2a3.jpg,640,640,tree,103,17,449,572
Image_013446_jpg.rf.f4d274473b5296127de7a61bcd7fb9f4.jpg,640,640,car,63,106,258,295
Image_013446_jpg.rf.f4d274473b5296127de7a61bcd7fb9f4.jpg,640,640,truck,187,19,619,640
639_jpg.rf.f96a4fc54b0a15e60bf257d6bf797fe8.jpg,640,640,tree,1,0,346,454
traffic-light-169-_jpg.rf.f3c696a7792b895c88f88c1cbc77badc.jpg,640,640,traffic lights,216,148,397,497
traffic-light-811-_jpg.rf.ff908a2b514c3b18f2134b28c6c1033b.jpg,640,640,traffic lights,232,201,385,457
first_trail-bag53_png_jpg.rf.fb2764dee5012de3c8df2d1b83cc677a.jpg,640,640,tree,319,0,384,480
first_trail-bag53_png_jpg.rf.fb2764dee5012de3c8df2d1b83cc677a.jpg,640,640,tree,9,0,80,522
WhatsApp-Image-2022-12-05-at-18-29-12_jpeg_jpg.rf.fe618bf4fe19e4539f47ea354d1972d3.jpg,640,640,car,273,366,458,640
WhatsApp-Image-2022-12-05-at-18-29-12_jpeg_jpg.rf.fe618bf4fe19e4539f47ea354d1972d3.jpg,640,640,car,94,360,277,516
WhatsApp-Image-2022-12-05-at-18-29-12_jpeg_jpg.rf.fe618bf4fe19e4539f47ea354d1972d3.jpg,640,640,car,391,313,462,411
WhatsApp-Image-2022-12-05-at-18-29-12_jpeg_jpg.rf.fe618bf4fe19e4539f47ea354d1972d3.jpg,640,640,car,245,285,284,342
WhatsApp-Image-2022-12-05-at-18-29-12_jpeg_jpg.rf.fe618bf4fe19e4539f47ea354d1972d3.jpg,640,640,car,74,284,126,329
WhatsApp-Image-2022-12-05-at-18-29-12_jpeg_jpg.rf.fe618bf4fe19e4539f47ea354d1972d3.jpg,640,640,car,394,251,420,283
WhatsApp-Image-2022-12-05-at-18-29-12_jpeg_jpg.rf.fe618bf4fe19e4539f47ea354d1972d3.jpg,640,640,car,520,260,543,292
Image_013456_jpg.rf.fd756ebfe2ac0c39a4dc41df91bd67d6.jpg,640,640,truck,0,0,364,589
Image_013456_jpg.rf.fd756ebfe2ac0c39a4dc41df91bd67d6.jpg,640,640,car,384,151,639,531
trafficlight31_png_jpg.rf.fe317295011abf816e399b4c7e3e0e88.jpg,640,640,traffic lights,184,305,233,387
standing_8_11_23-1-_jpg.rf.f7c1f46af05b7839d48ae1d53be87891.jpg,640,640,person,141,0,434,615
bike_051_bmp_jpg.rf.f5ad0cc387e364e33f62a9ffeb23296a.jpg,640,640,bicycle,164,122,341,260
862_jpg.rf.fbf999962d77a12034243fa64c11e6ae.jpg,640,640,object,0,0,406,29
Tlight-767-_png_jpg.rf.fb0ba466012cf087196e5d30b812b159.jpg,640,640,traffic lights,123,159,214,386
traffic-light-404-_jpg.rf.ffeb90db8c24fa4d8ba5ab8294b89c63.jpg,640,640,traffic lights,257,20,293,85
traffic-light-404-_jpg.rf.ffeb90db8c24fa4d8ba5ab8294b89c63.jpg,640,640,traffic lights,565,162,608,239
WIN_20230111_13_19_01_Pro_mp4-7_jpg.rf.f88e3a8a3a2e11a3295c5e21f3cf284d.jpg,640,640,tree,77,276,576,369
tflight_001582_jpg.rf.f98a7db957f4d1c04766a8cb21f14412.jpg,640,640,traffic lights,460,250,546,369
tflight_001582_jpg.rf.f98a7db957f4d1c04766a8cb21f14412.jpg,640,640,traffic lights,457,363,543,500
tflight_001582_jpg.rf.f98a7db957f4d1c04766a8cb21f14412.jpg,640,640,traffic lights,449,7,571,362
-11F0AF93-D3D0-4415-A4A0-B3430EA0886B-png_jpg.rf.fef504ddd87ff79a93c584511cdce366.jpg,640,640,car,122,10,522,612
trafficlight152_png_jpg.rf.f940b1fb7493545daaaa3dd3b153fce2.jpg,640,640,traffic lights,222,383,312,531
197_jpg.rf.f2ffa36d33cf3cb019db74656bf2b715.jpg,640,640,tree,127,132,535,508